{
    "train_loss": [
        0.491582229534785,
        0.27569208775957427,
        0.142175256361564,
        0.08574300351242224
    ],
    "train_f1": [
        0.8049635912866037,
        0.8849269332572084,
        0.9432374449053345,
        0.9653868443929295
    ],
    "val_loss": [
        0.4363650835584849,
        0.4485313972691074,
        0.4976678650127724,
        0.6818641804566141
    ],
    "val_f1": [
        0.8199940232390528,
        0.8070142755020254,
        0.8284303350970017,
        0.8169235295448888
    ]
}