Model,Accuracy,Precision,Recall,F1 Macro,F1 Clickbait,Precision Clickbait,Recall Clickbait
SVM,0.7777777777777778,0.7496417093720142,0.7035499291784703,0.7174782608695652,0.5869565217391305,0.6982758620689655,0.50625
PhoBERT,0.8109161793372319,0.7800049677098857,0.799389164305949,0.7875903341884756,0.717201166180758,0.6721311475409836,0.76875
Fusion,0.8245614035087719,0.7947463768115942,0.8024699008498584,0.7983349640086659,0.725609756097561,0.7083333333333334,0.74375
