{
    "train_loss": [
        0.615594535668691,
        0.3958509283264478,
        0.27944190698365373,
        0.15688668873161077,
        0.0940779891423881
    ],
    "train_f1": [
        0.6303046067518446,
        0.8047033668114751,
        0.8605015266869964,
        0.9325127280424359,
        0.9572585451851763
    ],
    "val_loss": [
        0.45613770093768835,
        0.4013395404908806,
        0.4224812053143978,
        0.5502204044023529,
        0.6160729206167161
    ],
    "val_f1": [
        0.7810882090228302,
        0.8073871409028728,
        0.8048380002932122,
        0.8035087719298246,
        0.7956087824351298
    ]
}